{
  "dml_ate": 0.11833601067442741,
  "dml_se": 0.0020232097132245274,
  "dml_ci": [
    0.11437051963650734,
    0.12230150171234748
  ],
  "tmle_ate": 0.11559623240567293,
  "tmle_se": 0.007277577888057607,
  "tmle_ci": [
    0.10133217974508002,
    0.12986028506626585
  ],
  "sub_dml_ate": 0.00887137989735717,
  "sub_dml_se": 0.0025210283511936334,
  "sub_dml_ci": [
    0.003930164329017648,
    0.013812595465696692
  ],
  "sub_tmle_ate": 0.21055520200649794,
  "sub_tmle_se": 0.007615623961895639,
  "sub_tmle_ci": [
    0.1956285790411825,
    0.22548182497181338
  ]
}